username,community_id
afacankirtasiye19,1
alexadcloset,1
altintaskirtasiye,1
atomy.busranur,1
avm.sepetim,1
beautybyeylull,1
bee.artisan.qc,1
bela._.aura,1
bodoge_shitamura,1
callystavodafone4,1
celebrationstudio.ie,1
christian.and.catherine,1
clair_glow,1
cookieetgribouille,1
damlasdreams,1
der_legoist,1
dragana_stosic_gagasf,1
edirneulak,1
eticaret.gercekleri,1
everyounglb,1
fhosalay,1
furnbubbles_kiato,1
ghenosgames,1
gizemisfen,1
glowenceco,1
gm_gozdemukavelat,1
graffireallylike,1
grimm_jowtv,1
guilhermecontador_,1
info.tinyva,1
insigniask_tr,1
intothemezcoverse,1
kaligraficik,1
kapadokyayapayzekazirvesi,1
kattantkonyvkucko,1
kingdoms__at__war,1
lego._.island,1
listifyai.app,1
lola_thelollipopcat,1
mycar.denizli,1
noodleandbooinc,1
oceantwenty9,1
ovinso.tr,1
pixorize,1
piya_graphy,1
raj_gholap_26,1
roksanakarasiewicz,1
rosa_beauty___1,1
sal.paws,1
sinemuzunbeslenme,1
siskonyazilimveotomasyon,1
solay_skincare,1
sscaieeee,1
staffen_ali,1
stuntmanbrick,1
technix_legocar,1
teodora.dan,1
tokengaymer,1
tomh.p,1
tonyriccio_bricks,1
toscanoracing,1
ugc.rachaelb,1
uzm.dr.zivareldarova,1
villainousitalia,1
woofiesrestonherndon,1
yaprakdoener.remscheid,1
yazilimdaily,1
yhcosmetologa,1
zonadedrs_,1
1gezi_1kahve,2
asliglbaz,2
ayda_atolye,2
bdk_bund,2
bdyuluslararasigida,2
bebegim.icin7,2
beko_kayaoglu,2
bloggwithmom,2
cayeli.evmeze,2
chovancova_viktoria,2
cozysahra,2
dmlbllog,2
dongellerkonagieymir,2
drfaikuzun,2
e_blogg__,2
eda.aslnn,2
eesraa_ismail,2
ela.kitchenn,2
elifomerkayra,2
emine.bites,2
etlitariflerr,2
fithera_kongress,2
foodloverrr2000,2
gastronotrukenii_,2
gul_sevle,2
gull.vlog,2
hamarat.eller.25.35,2
hobby_prive,2
kahvekoliklady,2
kilotakip,2
kitchen.anemon,2
kolaytatlitariflerim,2
linaberry_shop,2
maxidonertr,2
merkez.pastane,2
muzeyyenin_aynasi,2
pastatarifleritr,2
pozitifbirblog_,2
rotasizhayatlr,2
sabine.xoxo_,2
senizmutfak,2
sevilayovali,2
sevilennmutfakk,2
shushucum,2
talihaninmutfagi,2
tariffdefterinizzz,2
telve_i_letaif,2
telveli.kahvem68,2
tuecoffee.tr,2
veronellimakarna,2
vodafonekocyigit,2
volateality,2
ahmetbulentcanli,3
alphonse_the_british,3
aysegulkibarr,3
babylabstudio,3
badematay,3
bikiandchonk,3
byaslanhoca,3
cat_dogloversofficial,3
cekirdekrehberlik,3
cvmatchly_ai,3
cyf_congress,3
debasethecurrency,3
erdemyazilimanadolulisesi,3
fsmortaokulu33,3
georgepalozzi,3
gulhanersahin2,3
hafstory.sk,3
ishaan_international_school,3
klncveterinerklinigi,3
learngrowevolverepeat,3
lf.photoscb,3
lgs27kpss26,3
luckybracecat,3
maggieblue_with_covidblack,3
merlin.kleiner.verzauberer,3
min.n.mun,3
ml.petportraits,3
muratgunduzs,3
nadja.k_organics,3
novaschooloflaw,3
overhearddeumed,3
patiilina,3
patilere.acil.yuva,3
piramitegitim,3
psk.dan.ozgeergeneciftci,3
rifki.thesittingcat,3
russian_cream78,3
scooter.n.friends,3
sevvalb.s,3
skinnyskinnypankokitty,3
subhamsocial,3
tarihdukkani_,3
theazurcat,3
theinvestorsassociation,3
yelken.akademi,3
yet.akademi,3
ana_fikirler,4
annevebebek2025,4
asralfotografcilik,4
ayora.candles,4
balon_sepeti,4
bento.lola_,4
bizimbebekgunlugu,4
bonbon.balon,4
cb.ayseyurtsever,4
ciaocane.spa,4
drturkerborucu,4
elli_beanyyy,4
esravepasta,4
gozdessign,4
hamilelik.annelik,4
hamilelikveanne,4
hati_cehomm,4
hemsireeannegunlugu,4
huaico.gato,4
itssyamaan,4
laf_activities,4
lifeofwadhwa,4
mavi.caodeirante,4
max_thewolf_husky01,4
mirayela.blog,4
mucizeyolculugum,4
mycat_mango,4
neselitat,4
op.dr.busrasahin,4
ozgeilemisha,4
pedrept,4
petgourmet.cl,4
potatothepup._,4
redgoldensans_,4
sharedworldnews,4
studio_only,4
studiopari.co,4
the.sayan10_,4
wymondhamcollege,4
zeyyucarr,4
__m_arco____._,5
ankurdwrh,5
aslankidss_,5
berilybaby,5
clubpilates.sandy,5
cocukgiyimevicom,5
dastini.burhaniye,5
elifsenababykids,5
elifuzunrr,5
emilyethics,5
empolisportfestival,5
fatmazehra.keskinkrzan,5
icefoxonline,5
jean_exclusividad,5
kahvemvekeyfi_,5
kulawykurczak,5
madadora_by.madma,5
maisonvale.tr,5
marykidscom,5
meilicloset,5
mery_pacella,5
mimabebekbutikk,5
mini_baby.butik,5
minimodatr,5
mustachio.otr,5
nfawear,5
novalala.atelier,5
papatyambaby,5
poncikbaby.butik,5
repensigroup,5
saninbabybutik,5
sartino.italy,5
satya.khadka_,5
sergio.valencia.r,5
tiny.clubb,5
turkmen_kiyafet,5
urunyacom,5
vavbabytr,5
7.taetae,6
_echec_et_maths_,6
aajjmale_,6
anodos.patra,6
areh.studies,6
awsservitecgmbh,6
bioexatas.ms,6
buabroad,6
danica_studio,6
deardilay,6
dlra.homeblog,6
enfju_,6
esrajournalss,6
estudelavis,6
exoduslearn_,6
mnemonicsbybabita,6
my.scholar.aid,6
nesva.journal,6
projects.__made_easy,6
psc_kerala_321,6
sassy.aken,6
scholarship.plz,6
sciencewithjahir,6
shai.learns.japanese,6
shixuexi,6
sikhi_pedia01,6
sinaptikbosluuk,6
stillsamewith_april,6
studio_scrap_,6
studyconkris,6
success_academy_portugal,6
toribridgwaters,6
tsukialeigh,6
vitals.and.void,6
akash_singha_12,7
aliwahxz,7
ankmedipolybs,7
apogeewp1,7
assets.and.interests,7
bala_tech_0007,7
baytunagrup,7
bilkentalks,7
cflmun,7
coquiette.jpg,7
cozumelektronikmagaza,7
dhy_strategist,7
dimensionepc,7
exact_ias,7
fatih.iosdev,7
febitekk,7
fika.mag,7
financezirovnice,7
funda.sbloom,7
hardline.iq,7
ikkiturkiye,7
k3studiosae,7
karaglassstudio,7
motaz_hayani,7
quietpower_channel,7
reefunitynetwork,7
rocdz_,7
samriddhisdiary,7
siliconbeachstories,7
telefonhub_,7
udrescueduard,7
upscalerts,7
annelikruhumda_,8
anneolmayolunda,8
aylin_yaykin,8
baharatascakir,8
bebekvari,8
beyzadeecicek,8
birazannebirazkaos,8
drlutfullahaslan,8
ebrardenizgez,8
fit4momwestseattle,8
fnuraltundal,8
gizemhatimoglu,8
humanistic_wellness,8
laken_turkiye,8
lune_rahandmade,8
mercaninkiyisindan,8
meyramlaannelik,8
meysaca.blogg,8
minisaglikrehberi,8
mistiq.gunce,8
momtimetr,8
ozdmirbasak,8
pinar_denktas,8
saglikci_sayfasi,8
sinem.direkk,8
voicesof_theoppressed,8
yildizlarkulup,8
